"uuid"	"uri"	"uuid"	"uri"
a92288d5-ccf6-422d-81d2-f3027be272cd	https://lgc.data.wegenenverkeer.be/ns/installatie#SDH	"71038eaf-980a-49a1-a9b3-56518452dcda"	https://lgc.data.wegenenverkeer.be/ns/installatie#GebouwLegacy
"6bedcdcf-1b58-4670-bb49-864fa8bc6c8a"	https://lgc.data.wegenenverkeer.be/ns/installatie#CEN	"5b2b51b1-f88c-4056-8051-beb7da2b2413"	https://lgc.data.wegenenverkeer.be/ns/installatie#GebouwLegacy
c1f3014a-e4f4-4115-8e36-021b9ff072d7	https://lgc.data.wegenenverkeer.be/ns/installatie#OTN	"5b2b51b1-f88c-4056-8051-beb7da2b2413"	https://lgc.data.wegenenverkeer.be/ns/installatie#GebouwLegacy
"663ea041-c6a3-45a2-8b89-3e3b1947560c"	https://lgc.data.wegenenverkeer.be/ns/installatie#SDH	"57165e85-3af1-4744-a045-90af5a5fe448"	https://lgc.data.wegenenverkeer.be/ns/installatie#GebouwLegacy
"79fe07ec-ebee-42a4-9deb-f95270eff83e"	https://lgc.data.wegenenverkeer.be/ns/installatie#SDH	"4ecb27a1-abfd-44f1-8b15-e866c113dfd9"	https://lgc.data.wegenenverkeer.be/ns/installatie#GebouwLegacy
a9331c1d-2a59-407f-a994-de7eaab75f16	https://lgc.data.wegenenverkeer.be/ns/installatie#SDH	aebb765a-50df-4890-8d9f-a42e4d27a64b	https://lgc.data.wegenenverkeer.be/ns/installatie#GebouwLegacy
"6cf5970e-0ab5-449c-8141-9a84fffefc61"	https://lgc.data.wegenenverkeer.be/ns/installatie#SDH	"54bcdcab-4c40-4582-8cd5-3856b23e4aac"	https://lgc.data.wegenenverkeer.be/ns/installatie#GebouwLegacy
"6d4719b9-df01-42c2-a1d3-232c60e3382e"	https://lgc.data.wegenenverkeer.be/ns/installatie#OTN	aebb765a-50df-4890-8d9f-a42e4d27a64b	https://lgc.data.wegenenverkeer.be/ns/installatie#GebouwLegacy
"826e955e-4160-4b87-992c-75aa60154b25"	https://lgc.data.wegenenverkeer.be/ns/installatie#CEN	"4ee7f14a-d1ef-46ef-942c-6502fb271bc8"	https://lgc.data.wegenenverkeer.be/ns/installatie#GebouwLegacy
"6d78a724-5722-428a-a1ea-56f36d42bc8d"	https://lgc.data.wegenenverkeer.be/ns/installatie#SDH	"57dd6f75-70c9-4115-acb0-35750c3135b5"	https://lgc.data.wegenenverkeer.be/ns/installatie#GebouwLegacy
"7ac3c14e-e1ef-4226-800d-a116886ec44d"	https://lgc.data.wegenenverkeer.be/ns/installatie#SDH	"33b57d68-15ff-47f9-b7ba-59b3bae3294d"	https://lgc.data.wegenenverkeer.be/ns/installatie#GebouwLegacy
"73f03455-1a35-4252-beac-81119ff41cc4"	https://lgc.data.wegenenverkeer.be/ns/installatie#CEN	"5323f452-b676-49ab-ac66-6e8cb226f6f7"	https://lgc.data.wegenenverkeer.be/ns/installatie#GebouwLegacy
"74015912-812d-411a-925f-e76684161fa8"	https://lgc.data.wegenenverkeer.be/ns/installatie#SDH	"3c94ff9a-8b82-49d0-b4cc-bcacada6ef9f"	https://lgc.data.wegenenverkeer.be/ns/installatie#GebouwLegacy
a96b11f0-9a8e-49aa-9cb2-5e3d0e4a52d2	https://lgc.data.wegenenverkeer.be/ns/installatie#SDH	"1b6b8839-606e-4584-b23b-567c69207189"	https://lgc.data.wegenenverkeer.be/ns/installatie#GebouwLegacy
"94c3265d-24c1-4d10-ae7e-0a11632ce84b"	https://lgc.data.wegenenverkeer.be/ns/installatie#CEN	"42a95429-5482-49fa-9897-65a3b7598a03"	https://lgc.data.wegenenverkeer.be/ns/installatie#GebouwLegacy
"8b98effb-3e50-4bf5-9211-58ea4e4653eb"	https://lgc.data.wegenenverkeer.be/ns/installatie#OTN	"098ed69b-c92a-4232-b5d4-b0207c47154c"	https://lgc.data.wegenenverkeer.be/ns/installatie#GebouwLegacy
"833ecb70-e32e-4103-8e34-90d905ae8370"	https://lgc.data.wegenenverkeer.be/ns/installatie#SDH	"93c3e1a1-915a-45ce-ae25-7953df539a56"	https://lgc.data.wegenenverkeer.be/ns/installatie#GebouwLegacy
"8bdc41c5-8b37-41a3-9b26-60a1d8734969"	https://lgc.data.wegenenverkeer.be/ns/installatie#SDH	"93c3e1a1-915a-45ce-ae25-7953df539a56"	https://lgc.data.wegenenverkeer.be/ns/installatie#GebouwLegacy
"7c32c1a3-b7c7-4663-a77a-b466443b8ca3"	https://lgc.data.wegenenverkeer.be/ns/installatie#SDH	"5591a8a2-fa99-4fb7-a66d-58b2570d7872"	https://lgc.data.wegenenverkeer.be/ns/installatie#GebouwLegacy
"7605e8c8-7338-4ec6-bcfc-9f18ef51656a"	https://lgc.data.wegenenverkeer.be/ns/installatie#CEN	"392204e4-0a76-434a-8720-f99849e2bcb0"	https://lgc.data.wegenenverkeer.be/ns/installatie#GebouwLegacy
edf42fea-cfc4-4b68-8c9d-49d9c4e41673	https://lgc.data.wegenenverkeer.be/ns/installatie#CEN	"057fe13a-a503-4456-b178-89cd3b01aeae"	https://lgc.data.wegenenverkeer.be/ns/installatie#GebouwLegacy
cfb9031c-d74f-437a-8a96-253a6cf016b6	https://lgc.data.wegenenverkeer.be/ns/installatie#SDH	"15ae678c-81c8-4e91-adef-f19d04daaee3"	https://lgc.data.wegenenverkeer.be/ns/installatie#GebouwLegacy
"76f81c32-e36d-4a32-a392-fc9bfacd5995"	https://lgc.data.wegenenverkeer.be/ns/installatie#SDH	aebb765a-50df-4890-8d9f-a42e4d27a64b	https://lgc.data.wegenenverkeer.be/ns/installatie#GebouwLegacy
"9f44c6a8-6622-4309-afe2-41296385da00"	https://lgc.data.wegenenverkeer.be/ns/installatie#SDH	"3e229663-da59-4503-9d64-1ba40e92cfc4"	https://lgc.data.wegenenverkeer.be/ns/installatie#GebouwLegacy
"77ac2504-b264-403b-a5c1-0b96b7ed282d"	https://lgc.data.wegenenverkeer.be/ns/installatie#SDH	"3b5e9b9b-9f9e-405c-a360-e8cb20f9f208"	https://lgc.data.wegenenverkeer.be/ns/installatie#GebouwLegacy
"7e53532b-9280-4e6e-9960-e7546e00f67c"	https://lgc.data.wegenenverkeer.be/ns/installatie#SDH	"1d520bde-e864-4c59-9203-de6edc41be30"	https://lgc.data.wegenenverkeer.be/ns/installatie#GebouwLegacy
"7ed31bf1-00b6-4800-a166-544e5e958d0d"	https://lgc.data.wegenenverkeer.be/ns/installatie#CEN	"1ca0ed1e-a564-4edc-b0ca-a73c9f0c21d3"	https://lgc.data.wegenenverkeer.be/ns/installatie#GebouwLegacy
"8dca6d14-2d39-4b0e-b1de-1b4b1371db96"	https://lgc.data.wegenenverkeer.be/ns/installatie#SDH	"4a572b5a-30dc-46c3-bf9e-e61e99514af9"	https://lgc.data.wegenenverkeer.be/ns/installatie#GebouwLegacy
"8deb7960-b8c6-4d2e-8e0b-7a4d5de6cdf7"	https://lgc.data.wegenenverkeer.be/ns/installatie#SDH	"323983c5-0273-40a9-a087-5f1af847987a"	https://lgc.data.wegenenverkeer.be/ns/installatie#GebouwLegacy
"8de8924f-ee74-48d4-9f10-6250e8a76ee8"	https://lgc.data.wegenenverkeer.be/ns/installatie#CEN	f813b7b4-53e4-455c-bd34-7e32d1583043	https://lgc.data.wegenenverkeer.be/ns/installatie#GebouwLegacy
"9713faf5-23ec-4ad9-a800-bc4356f67fc7"	https://lgc.data.wegenenverkeer.be/ns/installatie#SDH	"1f70380c-a109-4dc7-a054-3000f5cc9036"	https://lgc.data.wegenenverkeer.be/ns/installatie#GebouwLegacy
"879edbce-d95c-4b97-aa07-9c9a59f6d165"	https://lgc.data.wegenenverkeer.be/ns/installatie#SDH	"018e3d9d-e87a-45ab-81a0-8ec2fcbc3e67"	https://lgc.data.wegenenverkeer.be/ns/installatie#GebouwLegacy
c3016df0-74c3-4f99-bca6-e76510332b88	https://lgc.data.wegenenverkeer.be/ns/installatie#CEN	"479f7f08-e88b-4d93-918f-eb9fd60998b0"	https://lgc.data.wegenenverkeer.be/ns/installatie#GebouwLegacy
b6b34319-3919-4381-8b41-197a82fa5154	https://lgc.data.wegenenverkeer.be/ns/installatie#CEN	"30803dcf-8ab0-4c5b-81d4-af976222721a"	https://lgc.data.wegenenverkeer.be/ns/installatie#GebouwLegacy
a11af3a9-cb91-4ee1-9f1d-1674e47390cf	https://lgc.data.wegenenverkeer.be/ns/installatie#CEN	"1d520bde-e864-4c59-9203-de6edc41be30"	https://lgc.data.wegenenverkeer.be/ns/installatie#GebouwLegacy
dec24e6a-e6dd-48c4-9aba-e56a3ad34ff7	https://lgc.data.wegenenverkeer.be/ns/installatie#SDH	"1d520bde-e864-4c59-9203-de6edc41be30"	https://lgc.data.wegenenverkeer.be/ns/installatie#GebouwLegacy
c34c59a9-38a5-46b2-ad5d-3c9e090b12c2	https://lgc.data.wegenenverkeer.be/ns/installatie#SDH	"71038eaf-980a-49a1-a9b3-56518452dcda"	https://lgc.data.wegenenverkeer.be/ns/installatie#GebouwLegacy
"91154ce0-dae3-483b-b121-a8bfd639df57"	https://lgc.data.wegenenverkeer.be/ns/installatie#CEN	"42a95429-5482-49fa-9897-65a3b7598a03"	https://lgc.data.wegenenverkeer.be/ns/installatie#GebouwLegacy
a1f693d6-0204-4e7b-bbaf-ae08d2a3407c	https://lgc.data.wegenenverkeer.be/ns/installatie#SDH	"548a29b2-9fee-403b-a28f-af7c75d59f3b"	https://lgc.data.wegenenverkeer.be/ns/installatie#GebouwLegacy
b73cdd8a-4b39-476e-ab66-eefe5031f7c3	https://lgc.data.wegenenverkeer.be/ns/installatie#CEN	"3c94ff9a-8b82-49d0-b4cc-bcacada6ef9f"	https://lgc.data.wegenenverkeer.be/ns/installatie#GebouwLegacy
abf1e904-20e5-4128-b5ae-666ec6dfd16b	https://lgc.data.wegenenverkeer.be/ns/installatie#SDH	"50b91918-0b19-4f4a-9c2d-055e141f0cb7"	https://lgc.data.wegenenverkeer.be/ns/installatie#GebouwLegacy
"99abe7bc-b3b3-42ad-b463-13747993d615"	https://lgc.data.wegenenverkeer.be/ns/installatie#SDH	"8886f883-6510-45ca-a63d-a618974cc673"	https://lgc.data.wegenenverkeer.be/ns/installatie#GebouwLegacy
"99e97067-10b2-498e-b5db-2f6a7cdd283b"	https://lgc.data.wegenenverkeer.be/ns/installatie#SDH	"5b2b51b1-f88c-4056-8051-beb7da2b2413"	https://lgc.data.wegenenverkeer.be/ns/installatie#GebouwLegacy
a38c7ff1-9287-446d-99fb-d5cb15972056	https://lgc.data.wegenenverkeer.be/ns/installatie#SDH	"3c94ff9a-8b82-49d0-b4cc-bcacada6ef9f"	https://lgc.data.wegenenverkeer.be/ns/installatie#GebouwLegacy
"9b6325f4-33df-42b6-b477-e7dec2183622"	https://lgc.data.wegenenverkeer.be/ns/installatie#CEN	"4eb349a6-40fb-4a71-b2be-0567d6006506"	https://lgc.data.wegenenverkeer.be/ns/installatie#GebouwLegacy
a3a9730b-ae2f-463b-a249-12363f544f1f	https://lgc.data.wegenenverkeer.be/ns/installatie#CEN	"1d520bde-e864-4c59-9203-de6edc41be30"	https://lgc.data.wegenenverkeer.be/ns/installatie#GebouwLegacy
a3def0f2-7027-4944-ae61-89f4167484f6	https://lgc.data.wegenenverkeer.be/ns/installatie#CEN	"4314d731-e0ad-427a-b811-b9b1598c15ec"	https://lgc.data.wegenenverkeer.be/ns/installatie#GebouwLegacy
"9c0c2b7a-ff5c-42c0-885b-a3b51d93bc0b"	https://lgc.data.wegenenverkeer.be/ns/installatie#SDH	"6fcb70d3-958e-46c0-8afd-1b8fabf53b8c"	https://lgc.data.wegenenverkeer.be/ns/installatie#GebouwLegacy
"9c2b6830-5ca5-4ae7-8630-be44ac0d6b94"	https://lgc.data.wegenenverkeer.be/ns/installatie#CEN	"7f5549bd-e532-4f91-8400-d70e8733e645"	https://lgc.data.wegenenverkeer.be/ns/installatie#GebouwLegacy
"9ca19afe-f67d-419f-81db-2fabcc2443aa"	https://lgc.data.wegenenverkeer.be/ns/installatie#SDH	"1a73196e-3f6c-4900-90b6-42ac02166fbf"	https://lgc.data.wegenenverkeer.be/ns/installatie#GebouwLegacy
adf678f0-cb33-4269-b6db-23a5412223a1	https://lgc.data.wegenenverkeer.be/ns/installatie#CEN	"098ed69b-c92a-4232-b5d4-b0207c47154c"	https://lgc.data.wegenenverkeer.be/ns/installatie#GebouwLegacy
eee44136-4448-4ffa-9e52-678f6beab493	https://lgc.data.wegenenverkeer.be/ns/installatie#SDH	"420724b4-62eb-4b82-8889-aea79c2fb3c0"	https://lgc.data.wegenenverkeer.be/ns/installatie#GebouwLegacy
ff7f21bc-7cee-45ba-a585-6ba5ca952add	https://lgc.data.wegenenverkeer.be/ns/installatie#CEN	"589c008f-87f8-448f-b9d8-9cfe39bf9d09"	https://lgc.data.wegenenverkeer.be/ns/installatie#GebouwLegacy
c4e49a66-d661-496f-b230-22cef22efb78	https://lgc.data.wegenenverkeer.be/ns/installatie#SDH	f813b7b4-53e4-455c-bd34-7e32d1583043	https://lgc.data.wegenenverkeer.be/ns/installatie#GebouwLegacy
b93cd646-7b3e-4790-b73a-18e5bbfd5fe2	https://lgc.data.wegenenverkeer.be/ns/installatie#OTN	"584ee0e3-316a-4002-b107-899f30404bf7"	https://lgc.data.wegenenverkeer.be/ns/installatie#GebouwLegacy
c5233b13-e6de-4737-ae74-2a3c8b8c18ca	https://lgc.data.wegenenverkeer.be/ns/installatie#CEN	"293e8256-e0b0-4c8f-9895-0ff215f97295"	https://lgc.data.wegenenverkeer.be/ns/installatie#GebouwLegacy
c5348058-22a2-4418-9088-263ea6b9387e	https://lgc.data.wegenenverkeer.be/ns/installatie#CEN	"392204e4-0a76-434a-8720-f99849e2bcb0"	https://lgc.data.wegenenverkeer.be/ns/installatie#GebouwLegacy
c53a9d3b-64e5-483f-a323-e648445fea78	https://lgc.data.wegenenverkeer.be/ns/installatie#SDH	"3b55c0a1-f89a-494f-b25e-5c7d9250d78f"	https://lgc.data.wegenenverkeer.be/ns/installatie#GebouwLegacy
dfcd0d49-285b-463b-97eb-03a0ad6a6fff	https://lgc.data.wegenenverkeer.be/ns/installatie#SDH	a6500951-79bb-4667-bee8-67e05e7f3775	https://lgc.data.wegenenverkeer.be/ns/installatie#GebouwLegacy
b9c0680b-5aa2-4b5c-a74a-b209045a362e	https://lgc.data.wegenenverkeer.be/ns/installatie#CEN	"1a05cce2-04cd-440e-bb92-86949549995e"	https://lgc.data.wegenenverkeer.be/ns/installatie#GebouwLegacy
c577c223-2a2b-4feb-8580-012542e264d2	https://lgc.data.wegenenverkeer.be/ns/installatie#SDH	"3a675114-1b95-489c-ad07-bf3cde47bea0"	https://lgc.data.wegenenverkeer.be/ns/installatie#GebouwLegacy
ba1ffc73-a28c-46f9-92ed-3feafde05c09	https://lgc.data.wegenenverkeer.be/ns/installatie#OTN	"6fcb70d3-958e-46c0-8afd-1b8fabf53b8c"	https://lgc.data.wegenenverkeer.be/ns/installatie#GebouwLegacy
e006c909-d001-4360-a177-0bb53c28dcb0	https://lgc.data.wegenenverkeer.be/ns/installatie#CEN	"4ecb27a1-abfd-44f1-8b15-e866c113dfd9"	https://lgc.data.wegenenverkeer.be/ns/installatie#GebouwLegacy
a87766bc-6dfe-4666-80d7-c27ac2b70065	https://lgc.data.wegenenverkeer.be/ns/installatie#SDH	"4ecb27a1-abfd-44f1-8b15-e866c113dfd9"	https://lgc.data.wegenenverkeer.be/ns/installatie#GebouwLegacy
b0dc9eb0-39c5-4e14-b10c-9ad2e44d2032	https://lgc.data.wegenenverkeer.be/ns/installatie#CEN	aebb765a-50df-4890-8d9f-a42e4d27a64b	https://lgc.data.wegenenverkeer.be/ns/installatie#GebouwLegacy
c688373e-2cee-4cfc-9447-99ac0fcfe5f6	https://lgc.data.wegenenverkeer.be/ns/installatie#SDH	"2b1c9a06-419a-402e-adf3-bc2ae607673e"	https://lgc.data.wegenenverkeer.be/ns/installatie#GebouwLegacy
bb7df4cd-9749-4e0c-b539-3529b67b7552	https://lgc.data.wegenenverkeer.be/ns/installatie#OTN	"1d520bde-e864-4c59-9203-de6edc41be30"	https://lgc.data.wegenenverkeer.be/ns/installatie#GebouwLegacy
bbb15da4-8335-47d5-affb-4a772453da2f	https://lgc.data.wegenenverkeer.be/ns/installatie#CEN	"138b849b-3323-4fd3-ba6e-648084327649"	https://lgc.data.wegenenverkeer.be/ns/installatie#GebouwLegacy
bbc11503-ca21-41c4-bd58-a8b4ecf03be1	https://lgc.data.wegenenverkeer.be/ns/installatie#OTN	"1b6b8839-606e-4584-b23b-567c69207189"	https://lgc.data.wegenenverkeer.be/ns/installatie#GebouwLegacy
bc0bbcfb-0b7a-4616-88d9-2ea827a7c6fb	https://lgc.data.wegenenverkeer.be/ns/installatie#SDH	"265d7f29-41d0-4fd4-908e-4fbc7110953c"	https://lgc.data.wegenenverkeer.be/ns/installatie#GebouwLegacy
d37d544c-41c7-49b7-8f07-a731ad764ff7	https://lgc.data.wegenenverkeer.be/ns/installatie#SDH	e5dafdb0-e44f-4b7a-b067-c2a7ed745c2d	https://lgc.data.wegenenverkeer.be/ns/installatie#GebouwLegacy
b45d3bf1-1877-4b85-8bcc-39a29a2017fd	https://lgc.data.wegenenverkeer.be/ns/installatie#SDH	"1d520bde-e864-4c59-9203-de6edc41be30"	https://lgc.data.wegenenverkeer.be/ns/installatie#GebouwLegacy
f03f42fe-a5eb-47ff-96a0-21bc6739c124	https://lgc.data.wegenenverkeer.be/ns/installatie#SDH	"6d6f5d27-c6de-4ed0-9f7f-b363353a0029"	https://lgc.data.wegenenverkeer.be/ns/installatie#GebouwLegacy
d40410a8-418f-4c5a-9790-9e20eb4c0f40	https://lgc.data.wegenenverkeer.be/ns/installatie#SDH	d263b6e0-d51d-4908-a355-f9baaa4d9519	https://lgc.data.wegenenverkeer.be/ns/installatie#GebouwLegacy
c888559e-97f8-4685-9c1a-433e9dec50f3	https://lgc.data.wegenenverkeer.be/ns/installatie#SDH	"0b6d0dcf-e6de-4ade-8c32-94d13d03e7c8"	https://lgc.data.wegenenverkeer.be/ns/installatie#GebouwLegacy
c899958b-ccc2-46c4-8e21-454db67f6a48	https://lgc.data.wegenenverkeer.be/ns/installatie#OTN	"5b2b51b1-f88c-4056-8051-beb7da2b2413"	https://lgc.data.wegenenverkeer.be/ns/installatie#GebouwLegacy
f0946e2b-d01e-481f-8506-21f95d7107e4	https://lgc.data.wegenenverkeer.be/ns/installatie#CEN	"4666fb50-ca2d-4a14-9a8b-e0e97a64252a"	https://lgc.data.wegenenverkeer.be/ns/installatie#GebouwLegacy
e1e45afb-9cb0-4e6e-843f-c5c72bb0df29	https://lgc.data.wegenenverkeer.be/ns/installatie#OTN	f813b7b4-53e4-455c-bd34-7e32d1583043	https://lgc.data.wegenenverkeer.be/ns/installatie#GebouwLegacy
f0bbec08-669d-49f8-b67e-65d7d7f147c0	https://lgc.data.wegenenverkeer.be/ns/installatie#OTN	aebb765a-50df-4890-8d9f-a42e4d27a64b	https://lgc.data.wegenenverkeer.be/ns/installatie#GebouwLegacy
bf304bca-b425-4ed7-9b6b-d3f4e195b6a2	https://lgc.data.wegenenverkeer.be/ns/installatie#CEN	"001fbe7d-8f64-4327-9d67-b0f372342c5a"	https://lgc.data.wegenenverkeer.be/ns/installatie#GebouwLegacy
d4e111ba-0350-4fc1-9922-07014f713fc4	https://lgc.data.wegenenverkeer.be/ns/installatie#SDH	"03510260-bb55-462e-95a5-8bd53c932d68"	https://lgc.data.wegenenverkeer.be/ns/installatie#GebouwLegacy
bf755f19-fd2d-49a4-b260-e1ffe2af1a50	https://lgc.data.wegenenverkeer.be/ns/installatie#SDH	"93c3e1a1-915a-45ce-ae25-7953df539a56"	https://lgc.data.wegenenverkeer.be/ns/installatie#GebouwLegacy
bfdb00fe-2865-4880-90b1-d39f0cf4e071	https://lgc.data.wegenenverkeer.be/ns/installatie#CEN	"6d6f5d27-c6de-4ed0-9f7f-b363353a0029"	https://lgc.data.wegenenverkeer.be/ns/installatie#GebouwLegacy
ca8e9654-19d3-4f13-9245-d4536ac75fe3	https://lgc.data.wegenenverkeer.be/ns/installatie#CEN	"098ed69b-c92a-4232-b5d4-b0207c47154c"	https://lgc.data.wegenenverkeer.be/ns/installatie#GebouwLegacy
c0d8032a-22dc-4ad4-950b-cb89f2c02192	https://lgc.data.wegenenverkeer.be/ns/installatie#CEN	"42f35341-c8be-4035-bfc1-e6cca7a10564"	https://lgc.data.wegenenverkeer.be/ns/installatie#GebouwLegacy
c101e25a-2cc4-4e38-9c75-ad8bed09793f	https://lgc.data.wegenenverkeer.be/ns/installatie#SDH	"265d7f29-41d0-4fd4-908e-4fbc7110953c"	https://lgc.data.wegenenverkeer.be/ns/installatie#GebouwLegacy
d6632690-6361-437b-a05f-12203546cf20	https://lgc.data.wegenenverkeer.be/ns/installatie#SDH	"019e7910-6844-4a81-b738-23668500fb7f"	https://lgc.data.wegenenverkeer.be/ns/installatie#GebouwLegacy
f19d6381-ce52-4a4a-a56f-7bc902ea140b	https://lgc.data.wegenenverkeer.be/ns/installatie#OTN	"584ee0e3-316a-4002-b107-899f30404bf7"	https://lgc.data.wegenenverkeer.be/ns/installatie#GebouwLegacy
d73b80df-cd0a-4131-8722-d8e6ce779d13	https://lgc.data.wegenenverkeer.be/ns/installatie#SDH	"5646644c-7e74-438f-952e-923cd3b61710"	https://lgc.data.wegenenverkeer.be/ns/installatie#GebouwLegacy
cc8645b1-f5af-49f4-b30a-e1f2aff284eb	https://lgc.data.wegenenverkeer.be/ns/installatie#SDH	"3d3e0a79-710e-4d53-8af1-0877c86022ff"	https://lgc.data.wegenenverkeer.be/ns/installatie#GebouwLegacy
cd39d242-bf72-4a2c-aab2-3297d800a00a	https://lgc.data.wegenenverkeer.be/ns/installatie#CEN	"265d7f29-41d0-4fd4-908e-4fbc7110953c"	https://lgc.data.wegenenverkeer.be/ns/installatie#GebouwLegacy
e43d2c64-385c-4430-935d-e2c9e8370309	https://lgc.data.wegenenverkeer.be/ns/installatie#SDH	"30803dcf-8ab0-4c5b-81d4-af976222721a"	https://lgc.data.wegenenverkeer.be/ns/installatie#GebouwLegacy
f29589a2-8cfc-4970-9d8c-f7a64fa03d6e	https://lgc.data.wegenenverkeer.be/ns/installatie#CEN	"584ee0e3-316a-4002-b107-899f30404bf7"	https://lgc.data.wegenenverkeer.be/ns/installatie#GebouwLegacy
e4801639-6687-434c-bdcf-a216b62b1c10	https://lgc.data.wegenenverkeer.be/ns/installatie#SDH	"4314d731-e0ad-427a-b811-b9b1598c15ec"	https://lgc.data.wegenenverkeer.be/ns/installatie#GebouwLegacy
ce16d0ab-6191-4946-b792-e949b7b7ce74	https://lgc.data.wegenenverkeer.be/ns/installatie#CEN	"0b9ceb85-aad3-46d5-993f-c73ba02ffaa4"	https://lgc.data.wegenenverkeer.be/ns/installatie#GebouwLegacy
d87ab35f-f194-427f-aac3-f0f9277bab01	https://lgc.data.wegenenverkeer.be/ns/installatie#OTN	"4a572b5a-30dc-46c3-bf9e-e61e99514af9"	https://lgc.data.wegenenverkeer.be/ns/installatie#GebouwLegacy
e4bcfe8c-a756-464d-8030-33cd0227f571	https://lgc.data.wegenenverkeer.be/ns/installatie#CEN	"118590ad-a8a4-4f09-b65f-d1220321c151"	https://lgc.data.wegenenverkeer.be/ns/installatie#GebouwLegacy
d8e00794-1c5d-4f2e-b232-45cc74a4a235	https://lgc.data.wegenenverkeer.be/ns/installatie#SDH	"281da974-c7da-4f19-ad0f-f9a7728dac86"	https://lgc.data.wegenenverkeer.be/ns/installatie#GebouwLegacy
cedf3cb0-1a77-426c-8ead-f194d3b49823	https://lgc.data.wegenenverkeer.be/ns/installatie#CEN	"39641a5e-2822-4587-9e13-b95e7d82e8e0"	https://lgc.data.wegenenverkeer.be/ns/installatie#GebouwLegacy
d9d1ccdf-ea9e-4165-8edd-5b74ea888d78	https://lgc.data.wegenenverkeer.be/ns/installatie#CEN	"138b849b-3323-4fd3-ba6e-648084327649"	https://lgc.data.wegenenverkeer.be/ns/installatie#GebouwLegacy
e5e1adfd-8275-497a-a713-47fcd73b17cb	https://lgc.data.wegenenverkeer.be/ns/installatie#OTN	aebb765a-50df-4890-8d9f-a42e4d27a64b	https://lgc.data.wegenenverkeer.be/ns/installatie#GebouwLegacy
e6b7f55d-72e3-4113-9f37-4d213f4d1b9e	https://lgc.data.wegenenverkeer.be/ns/installatie#SDH	"001fbe7d-8f64-4327-9d67-b0f372342c5a"	https://lgc.data.wegenenverkeer.be/ns/installatie#GebouwLegacy
db5167a1-4347-4aa3-b9db-f4b314b3989f	https://lgc.data.wegenenverkeer.be/ns/installatie#SDH	"284d7901-3c6f-48e7-97be-945a27afd160"	https://lgc.data.wegenenverkeer.be/ns/installatie#GebouwLegacy
dcf76c44-27af-4266-a9a2-9dcb6b7c94ad	https://lgc.data.wegenenverkeer.be/ns/installatie#CEN	"39641a5e-2822-4587-9e13-b95e7d82e8e0"	https://lgc.data.wegenenverkeer.be/ns/installatie#GebouwLegacy
f5a2a976-0ccf-425f-82b6-f7c28348ec49	https://lgc.data.wegenenverkeer.be/ns/installatie#SDH	"1bfea089-d99a-4758-a3bd-c5790d0c6ad1"	https://lgc.data.wegenenverkeer.be/ns/installatie#GebouwLegacy
f79b473c-ed08-4ff2-b1c7-ce158c374fa2	https://lgc.data.wegenenverkeer.be/ns/installatie#CEN	"1d520bde-e864-4c59-9203-de6edc41be30"	https://lgc.data.wegenenverkeer.be/ns/installatie#GebouwLegacy
f88534c2-e0bd-4fd8-8e8b-21ddd8c022aa	https://lgc.data.wegenenverkeer.be/ns/installatie#SDH	"753e26f5-41bf-411d-961e-89222c6a112c"	https://lgc.data.wegenenverkeer.be/ns/installatie#GebouwLegacy
f8a6eb5c-d5e5-4388-9cbc-17b5a65bcb75	https://lgc.data.wegenenverkeer.be/ns/installatie#SDH	"098ed69b-c92a-4232-b5d4-b0207c47154c"	https://lgc.data.wegenenverkeer.be/ns/installatie#GebouwLegacy
ece46905-fa4b-4d4d-bac1-2823b7a677d6	https://lgc.data.wegenenverkeer.be/ns/installatie#SDH	"1fc49c17-194c-4970-ad9b-80f78d7a076f"	https://lgc.data.wegenenverkeer.be/ns/installatie#GebouwLegacy
ecf2f4d6-94ea-47b5-9ad4-d8063c65c345	https://lgc.data.wegenenverkeer.be/ns/installatie#SDH	"9293a600-568f-4393-bfc2-6000a4c4f268"	https://lgc.data.wegenenverkeer.be/ns/installatie#GebouwLegacy
ed43bca2-1c77-4aae-9c17-a52bc6f06488	https://lgc.data.wegenenverkeer.be/ns/installatie#SDH	"40179e7a-8464-4950-afa6-661d9117809f"	https://lgc.data.wegenenverkeer.be/ns/installatie#GebouwLegacy
"00bacc28-9a97-4867-a292-16ebc9708c83"	https://lgc.data.wegenenverkeer.be/ns/installatie#CEN	"1eac91f7-96fe-4bc6-ba00-77f09e798906"	https://lgc.data.wegenenverkeer.be/ns/installatie#GebouwLegacy
"05afeb73-022e-4a80-a1ca-cdef0557135a"	https://lgc.data.wegenenverkeer.be/ns/installatie#OTN	"118590ad-a8a4-4f09-b65f-d1220321c151"	https://lgc.data.wegenenverkeer.be/ns/installatie#GebouwLegacy
"07cf95d8-c097-4307-93e3-ec4ca0013ffe"	https://lgc.data.wegenenverkeer.be/ns/installatie#SDH	"0f61d16b-ec27-49a4-b41c-fb751854d839"	https://lgc.data.wegenenverkeer.be/ns/installatie#GebouwLegacy
"04f7cd4c-0862-40fc-af68-05674436bff4"	https://lgc.data.wegenenverkeer.be/ns/installatie#SDH	eb231a81-c3c3-4299-ab51-cbe7273be841	https://lgc.data.wegenenverkeer.be/ns/installatie#GebouwLegacy
"06e13539-d31f-442e-bda4-04b7c9942644"	https://lgc.data.wegenenverkeer.be/ns/installatie#CEN	"1d259526-0689-4e57-bf5b-5e0bcb2092a2"	https://lgc.data.wegenenverkeer.be/ns/installatie#GebouwLegacy
"072f8154-cb54-4659-aebc-7f6d0023994e"	https://lgc.data.wegenenverkeer.be/ns/installatie#CEN	"4c7e1934-169c-493e-beba-0a8bd7c66444"	https://lgc.data.wegenenverkeer.be/ns/installatie#GebouwLegacy
"083074ea-95ed-419d-8a05-0b3963b204f0"	https://lgc.data.wegenenverkeer.be/ns/installatie#SDH	"48fe9de7-e6c8-4b33-aa60-4372d8430ed1"	https://lgc.data.wegenenverkeer.be/ns/installatie#GebouwLegacy
"0a9f62e9-a61b-44b7-82c8-5dfce7431f1e"	https://lgc.data.wegenenverkeer.be/ns/installatie#OTN	"4314d731-e0ad-427a-b811-b9b1598c15ec"	https://lgc.data.wegenenverkeer.be/ns/installatie#GebouwLegacy
"0efdc742-6857-49b4-b1c3-74544c93ed0c"	https://lgc.data.wegenenverkeer.be/ns/installatie#CEN	"265d7f29-41d0-4fd4-908e-4fbc7110953c"	https://lgc.data.wegenenverkeer.be/ns/installatie#GebouwLegacy
"0b8d3ebd-884d-4595-a3e6-d908b5ed9c28"	https://lgc.data.wegenenverkeer.be/ns/installatie#SDH	"26b5ad91-cb58-4cea-ae81-9e2e736a29c1"	https://lgc.data.wegenenverkeer.be/ns/installatie#GebouwLegacy
"0e393c8d-8226-4ee3-9080-36834ab87458"	https://lgc.data.wegenenverkeer.be/ns/installatie#CEN	"265d7f29-41d0-4fd4-908e-4fbc7110953c"	https://lgc.data.wegenenverkeer.be/ns/installatie#GebouwLegacy
"0d786665-7d16-43f0-9561-3a38fdd379ac"	https://lgc.data.wegenenverkeer.be/ns/installatie#SDH	"0434a4bc-2d7d-4f98-b632-a47b5ee5b804"	https://lgc.data.wegenenverkeer.be/ns/installatie#GebouwLegacy
"0e3e8fac-c094-45e7-ad85-1b5fd9c2ae19"	https://lgc.data.wegenenverkeer.be/ns/installatie#CEN	"0c600847-92d2-4195-ad69-e55ded7ccc4a"	https://lgc.data.wegenenverkeer.be/ns/installatie#GebouwLegacy
"11908e76-606f-4c8b-8ce9-905a3cc399a3"	https://lgc.data.wegenenverkeer.be/ns/installatie#CEN	"3c94ff9a-8b82-49d0-b4cc-bcacada6ef9f"	https://lgc.data.wegenenverkeer.be/ns/installatie#GebouwLegacy
"0fc81506-65ae-4ac0-be2c-0b1ecef5d88b"	https://lgc.data.wegenenverkeer.be/ns/installatie#OTN	"835903ff-035a-4ce5-a09c-cde3a971dc34"	https://lgc.data.wegenenverkeer.be/ns/installatie#GebouwLegacy
"10e27f10-b78c-4591-b44d-8c0af1be9c12"	https://lgc.data.wegenenverkeer.be/ns/installatie#CEN	f813b7b4-53e4-455c-bd34-7e32d1583043	https://lgc.data.wegenenverkeer.be/ns/installatie#GebouwLegacy
"147cee8c-8c51-4b37-92a8-8babd08e6133"	https://lgc.data.wegenenverkeer.be/ns/installatie#CEN	c6f0e590-cc92-4bce-ad19-7aa1004ea56a	https://lgc.data.wegenenverkeer.be/ns/installatie#GebouwLegacy
"18e38d18-b62f-4132-98c8-2ae7660adf61"	https://lgc.data.wegenenverkeer.be/ns/installatie#OTN	f813b7b4-53e4-455c-bd34-7e32d1583043	https://lgc.data.wegenenverkeer.be/ns/installatie#GebouwLegacy
"22dc258c-2e3a-4b8a-8f2f-9d6d0a70c498"	https://lgc.data.wegenenverkeer.be/ns/installatie#SDH	"420724b4-62eb-4b82-8889-aea79c2fb3c0"	https://lgc.data.wegenenverkeer.be/ns/installatie#GebouwLegacy
"178d1b20-6b54-407f-bee2-9771686ea6be"	https://lgc.data.wegenenverkeer.be/ns/installatie#SDH	b3d9476b-fd71-4551-8bb7-5b3cc50db093	https://lgc.data.wegenenverkeer.be/ns/installatie#GebouwLegacy
"1674e9a0-48e9-487c-b0fd-68c0b9986af3"	https://lgc.data.wegenenverkeer.be/ns/installatie#OTN	aebb765a-50df-4890-8d9f-a42e4d27a64b	https://lgc.data.wegenenverkeer.be/ns/installatie#GebouwLegacy
"19e2b6d9-7c43-4ea5-af10-7272704d6364"	https://lgc.data.wegenenverkeer.be/ns/installatie#CEN	"0fd2a984-d435-4ee7-af7a-0ac3359e4ab7"	https://lgc.data.wegenenverkeer.be/ns/installatie#GebouwLegacy
"20e502eb-a2ed-41b3-963e-f6ee6caca215"	https://lgc.data.wegenenverkeer.be/ns/installatie#SDH	"265d7f29-41d0-4fd4-908e-4fbc7110953c"	https://lgc.data.wegenenverkeer.be/ns/installatie#GebouwLegacy
"1d378348-eb33-4630-9e45-29c46f1b63d4"	https://lgc.data.wegenenverkeer.be/ns/installatie#SDH	"35f83f8d-0cc7-4125-acb8-2062dd862828"	https://lgc.data.wegenenverkeer.be/ns/installatie#GebouwLegacy
"211dc2f4-abf2-4531-966b-fbe0a771062b"	https://lgc.data.wegenenverkeer.be/ns/installatie#SDH	"5646644c-7e74-438f-952e-923cd3b61710"	https://lgc.data.wegenenverkeer.be/ns/installatie#GebouwLegacy
"1d989ce2-be3e-41f9-b46b-4763d852c761"	https://lgc.data.wegenenverkeer.be/ns/installatie#SDH	"23f62548-c291-4d57-b040-6ae3f2da7e7a"	https://lgc.data.wegenenverkeer.be/ns/installatie#GebouwLegacy
"3504e0b5-f9d1-47c8-af06-72ac17daa47b"	https://lgc.data.wegenenverkeer.be/ns/installatie#SDH	"057fe13a-a503-4456-b178-89cd3b01aeae"	https://lgc.data.wegenenverkeer.be/ns/installatie#GebouwLegacy
"2680a880-9915-4c59-9a6e-18d8a3bea90b"	https://lgc.data.wegenenverkeer.be/ns/installatie#SDH	"48aad3b5-c199-4add-85d8-66752583a435"	https://lgc.data.wegenenverkeer.be/ns/installatie#GebouwLegacy
"245ae59c-d1b0-40d8-9b1a-ae476ecd2207"	https://lgc.data.wegenenverkeer.be/ns/installatie#SDH	"3295837c-e875-47f6-b20a-9d8d51ec7d4c"	https://lgc.data.wegenenverkeer.be/ns/installatie#GebouwLegacy
"26b56fd8-1a39-47a1-8362-6d7d9a2eda2c"	https://lgc.data.wegenenverkeer.be/ns/installatie#SDH	"04f161db-1d01-4ba2-851b-5183403143d6"	https://lgc.data.wegenenverkeer.be/ns/installatie#GebouwLegacy
"253b42cf-2bf0-4e1d-892a-a93a6c968af2"	https://lgc.data.wegenenverkeer.be/ns/installatie#SDH	"2fb12800-73e9-4fa1-8a1f-5e05fa87a61f"	https://lgc.data.wegenenverkeer.be/ns/installatie#GebouwLegacy
"2a6e9b8d-6cb5-4d82-b28f-4b3d01f6f367"	https://lgc.data.wegenenverkeer.be/ns/installatie#SDH	"0f954f21-700d-4199-872f-2389c2e0a298"	https://lgc.data.wegenenverkeer.be/ns/installatie#GebouwLegacy
"359afe5c-11b4-4cde-9ce8-fbb87cff34e5"	https://lgc.data.wegenenverkeer.be/ns/installatie#SDH	"455f0b3e-e47b-4824-9844-31f85b2be14e"	https://lgc.data.wegenenverkeer.be/ns/installatie#GebouwLegacy
"2d1249e6-318c-4312-a1f9-15a481c2afb1"	https://lgc.data.wegenenverkeer.be/ns/installatie#CEN	"4666fb50-ca2d-4a14-9a8b-e0e97a64252a"	https://lgc.data.wegenenverkeer.be/ns/installatie#GebouwLegacy
"2d2d510f-7ec9-49de-a959-1cfd3a6fecac"	https://lgc.data.wegenenverkeer.be/ns/installatie#SDH	"584ee0e3-316a-4002-b107-899f30404bf7"	https://lgc.data.wegenenverkeer.be/ns/installatie#GebouwLegacy
"35ceebd4-5f94-4660-93c1-e5cdcdd26e02"	https://lgc.data.wegenenverkeer.be/ns/installatie#CEN	"16e4ae9f-c8f7-44a5-a136-4ddde2638a48"	https://lgc.data.wegenenverkeer.be/ns/installatie#GebouwLegacy
"32bbc385-fbc3-41f7-9ff2-ae7651aba670"	https://lgc.data.wegenenverkeer.be/ns/installatie#CEN	"4ecb27a1-abfd-44f1-8b15-e866c113dfd9"	https://lgc.data.wegenenverkeer.be/ns/installatie#GebouwLegacy
"2dfc5f29-3f54-4384-9873-fa63897db456"	https://lgc.data.wegenenverkeer.be/ns/installatie#SDH	"3dfc62bf-ef74-4d32-9431-52c6f60acf38"	https://lgc.data.wegenenverkeer.be/ns/installatie#GebouwLegacy
"33253d4d-e743-4dfb-8836-4dd2240814b7"	https://lgc.data.wegenenverkeer.be/ns/installatie#SDH	"4ecb27a1-abfd-44f1-8b15-e866c113dfd9"	https://lgc.data.wegenenverkeer.be/ns/installatie#GebouwLegacy
"30961931-75cf-46b0-a2f1-04ed9ac32eeb"	https://lgc.data.wegenenverkeer.be/ns/installatie#SDH	"02b72745-a1d3-4e4d-b590-181aec2ad242"	https://lgc.data.wegenenverkeer.be/ns/installatie#GebouwLegacy
"70511b09-eb23-4737-b196-32d3e056c12e"	https://lgc.data.wegenenverkeer.be/ns/installatie#SDH	e5dafdb0-e44f-4b7a-b067-c2a7ed745c2d	https://lgc.data.wegenenverkeer.be/ns/installatie#GebouwLegacy
"337bdcdb-3680-4a27-b7a8-025418cd91a9"	https://lgc.data.wegenenverkeer.be/ns/installatie#CEN	"38453ae7-f6d0-4ffc-820c-19cbfcb8d56a"	https://lgc.data.wegenenverkeer.be/ns/installatie#GebouwLegacy
"3122ea15-cd24-4f4a-9754-55f14463b48b"	https://lgc.data.wegenenverkeer.be/ns/installatie#CEN	"0c600847-92d2-4195-ad69-e55ded7ccc4a"	https://lgc.data.wegenenverkeer.be/ns/installatie#GebouwLegacy
"369911f4-7d0c-471b-9730-16e6c41ff010"	https://lgc.data.wegenenverkeer.be/ns/installatie#CEN	"4802083f-dd46-46bc-b819-387313fc5aa6"	https://lgc.data.wegenenverkeer.be/ns/installatie#GebouwLegacy
"41bf7ff4-d6c8-4281-9c66-3c381a3e9769"	https://lgc.data.wegenenverkeer.be/ns/installatie#CEN	aebb765a-50df-4890-8d9f-a42e4d27a64b	https://lgc.data.wegenenverkeer.be/ns/installatie#GebouwLegacy
"41e70ad4-06b8-4c50-b293-4080041950d7"	https://lgc.data.wegenenverkeer.be/ns/installatie#SDH	"4ecb27a1-abfd-44f1-8b15-e866c113dfd9"	https://lgc.data.wegenenverkeer.be/ns/installatie#GebouwLegacy
"3ae0097c-0621-4ea8-9b91-986f0bac38df"	https://lgc.data.wegenenverkeer.be/ns/installatie#SDH	"07efa05a-3d14-48aa-9500-fb955867a04f"	https://lgc.data.wegenenverkeer.be/ns/installatie#GebouwLegacy
"424c9bcf-6c31-4a5c-b017-96dcd32f9a99"	https://lgc.data.wegenenverkeer.be/ns/installatie#SDH	e2fcafd1-d8c7-45c8-8290-84598bdc1d90	https://lgc.data.wegenenverkeer.be/ns/installatie#GebouwLegacy
"3c9584ca-548a-4179-94b6-35376f3b133d"	https://lgc.data.wegenenverkeer.be/ns/installatie#SDH	baed8ede-c571-4433-877b-ca089e1b59ff	https://lgc.data.wegenenverkeer.be/ns/installatie#GebouwLegacy
"3f9368c5-587f-4f53-9fbb-b33c0d09e324"	https://lgc.data.wegenenverkeer.be/ns/installatie#OTN	"118590ad-a8a4-4f09-b65f-d1220321c151"	https://lgc.data.wegenenverkeer.be/ns/installatie#GebouwLegacy
"435b6caa-b4f0-44e5-a79a-9ba456a81e42"	https://lgc.data.wegenenverkeer.be/ns/installatie#OTN	"118590ad-a8a4-4f09-b65f-d1220321c151"	https://lgc.data.wegenenverkeer.be/ns/installatie#GebouwLegacy
"439625d8-c969-4603-b595-9c6b229fa652"	https://lgc.data.wegenenverkeer.be/ns/installatie#SDH	"098ed69b-c92a-4232-b5d4-b0207c47154c"	https://lgc.data.wegenenverkeer.be/ns/installatie#GebouwLegacy
"43f81d8f-699c-4fb7-aa96-21f4f26a8614"	https://lgc.data.wegenenverkeer.be/ns/installatie#CEN	aebb765a-50df-4890-8d9f-a42e4d27a64b	https://lgc.data.wegenenverkeer.be/ns/installatie#GebouwLegacy
"5654a333-2ad6-442e-bbac-b22d403ab0df"	https://lgc.data.wegenenverkeer.be/ns/installatie#SDH	"4a08c131-aab1-4b59-b554-0d9c58c66148"	https://lgc.data.wegenenverkeer.be/ns/installatie#GebouwLegacy
"444d744d-112b-4922-a05d-f28d55bccdde"	https://lgc.data.wegenenverkeer.be/ns/installatie#CEN	"2b1c9a06-419a-402e-adf3-bc2ae607673e"	https://lgc.data.wegenenverkeer.be/ns/installatie#GebouwLegacy
"6949a96a-352d-4055-8a7f-97e71bdf7ec3"	https://lgc.data.wegenenverkeer.be/ns/installatie#SDH	"1d520bde-e864-4c59-9203-de6edc41be30"	https://lgc.data.wegenenverkeer.be/ns/installatie#GebouwLegacy
"62caf089-8944-420b-99c1-b3ff011c478e"	https://lgc.data.wegenenverkeer.be/ns/installatie#CEN	"17e83710-7937-4412-9ee9-5c650627daee"	https://lgc.data.wegenenverkeer.be/ns/installatie#GebouwLegacy
"78783242-6604-46e2-893f-5a5b985f4972"	https://lgc.data.wegenenverkeer.be/ns/installatie#CEN	"6d6f5d27-c6de-4ed0-9f7f-b363353a0029"	https://lgc.data.wegenenverkeer.be/ns/installatie#GebouwLegacy
"5729c8c0-6eb8-4929-bcba-31e24cf07956"	https://lgc.data.wegenenverkeer.be/ns/installatie#SDH	"6d6f5d27-c6de-4ed0-9f7f-b363353a0029"	https://lgc.data.wegenenverkeer.be/ns/installatie#GebouwLegacy
"4a696da1-e52c-41a5-b6fd-4d1cd0618f4a"	https://lgc.data.wegenenverkeer.be/ns/installatie#SDH	"48aad3b5-c199-4add-85d8-66752583a435"	https://lgc.data.wegenenverkeer.be/ns/installatie#GebouwLegacy
"69b4328d-8761-4ae2-bb6a-9af67d5017cc"	https://lgc.data.wegenenverkeer.be/ns/installatie#SDH	"64f902af-e7e2-4af5-80d0-ad1356448733"	https://lgc.data.wegenenverkeer.be/ns/installatie#GebouwLegacy
"57fab921-4195-4296-87ff-065f40ead868"	https://lgc.data.wegenenverkeer.be/ns/installatie#SDH	"6d6f5d27-c6de-4ed0-9f7f-b363353a0029"	https://lgc.data.wegenenverkeer.be/ns/installatie#GebouwLegacy
"53c3e25b-5106-4f1c-bad6-f6b4cf81a42f"	https://lgc.data.wegenenverkeer.be/ns/installatie#OTN	"0f954f21-700d-4199-872f-2389c2e0a298"	https://lgc.data.wegenenverkeer.be/ns/installatie#GebouwLegacy
"53dc0a06-272d-42a5-b0c2-8472abebe244"	https://lgc.data.wegenenverkeer.be/ns/installatie#CEN	"4a572b5a-30dc-46c3-bf9e-e61e99514af9"	https://lgc.data.wegenenverkeer.be/ns/installatie#GebouwLegacy
"54e9e448-7c78-4bb7-9bca-3cb33ca7c974"	https://lgc.data.wegenenverkeer.be/ns/installatie#SDH	"15804511-0bb1-4f51-8dc1-563ddc992b56"	https://lgc.data.wegenenverkeer.be/ns/installatie#GebouwLegacy
"592d4b0d-8f53-4233-aba1-f8a0834aba75"	https://lgc.data.wegenenverkeer.be/ns/installatie#SDH	"7f5549bd-e532-4f91-8400-d70e8733e645"	https://lgc.data.wegenenverkeer.be/ns/installatie#GebouwLegacy
"5e6ad211-6e35-4e7e-88ca-d68f01f10c2f"	https://lgc.data.wegenenverkeer.be/ns/installatie#SDH	"6977109e-b6b1-44a2-b969-902f6a9b0ffe"	https://lgc.data.wegenenverkeer.be/ns/installatie#GebouwLegacy
"5f1a1533-5b19-4f56-a08d-c4f8d5dfe4db"	https://lgc.data.wegenenverkeer.be/ns/installatie#SDH	"584ee0e3-316a-4002-b107-899f30404bf7"	https://lgc.data.wegenenverkeer.be/ns/installatie#GebouwLegacy
"5a3c6fcb-5620-494a-a6dd-a545dcec412f"	https://lgc.data.wegenenverkeer.be/ns/installatie#CEN	c6f0e590-cc92-4bce-ad19-7aa1004ea56a	https://lgc.data.wegenenverkeer.be/ns/installatie#GebouwLegacy
"71be3614-9a62-4561-9f5e-e4cc0a5db532"	https://lgc.data.wegenenverkeer.be/ns/installatie#CEN	"584ee0e3-316a-4002-b107-899f30404bf7"	https://lgc.data.wegenenverkeer.be/ns/installatie#GebouwLegacy
"5a700179-6f4a-43e8-9256-36891a8a8756"	https://lgc.data.wegenenverkeer.be/ns/installatie#CEN	"6977109e-b6b1-44a2-b969-902f6a9b0ffe"	https://lgc.data.wegenenverkeer.be/ns/installatie#GebouwLegacy
"64cf49e7-dcff-46bb-a8ea-b6b645b6e1c0"	https://lgc.data.wegenenverkeer.be/ns/installatie#SDH	"30b288de-3081-4892-8997-6b1fe2b89cad"	https://lgc.data.wegenenverkeer.be/ns/installatie#GebouwLegacy
"6522434c-70ba-4ea6-9955-d775f28847dd"	https://lgc.data.wegenenverkeer.be/ns/installatie#CEN	"30c8ee76-eed7-491c-bbbc-f1c38019e6f5"	https://lgc.data.wegenenverkeer.be/ns/installatie#GebouwLegacy
